Query,Query Type,Response,timestamp
"Tell me how can I navigate to a specific pose - include replanning aspects in your answer.
Can you provide me with code for this task?",code,"Sure, I'd be happy to help! Here is an example of how you can navigate to a specific pose using the MoveIt software framework:
```
# Import the necessary packages
from moveit_commander import MoveGroupCommander
from moveit_planning import MoveItPlanningInterface
import rospy

# Define the target pose as a tuple of (x, y, z) coordinates
target_pose = (0.5, 0.3, 0.1)

# Create a MoveItPlanningInterface object
planning_interface = MoveItPlanningInterface()

# Create a MoveGroupCommander object and pass it the planning interface
commander = MoveGroupCommander(planning_interface)

# Define the start pose as a tuple of (x, y, z) coordinates
start_pose = (0.2, 0.1, 0.0)

# Define the replan_pose as a tuple of (x, y, z) coordinates
replan_pose = (0.5, 0.3, 0.1)

# Plan the motion to reach the target pose
planning_interface.set_target_pose(target_pose)
planning_interface.plan()

# Execute the planned motion
commander.execute()

# Check if the robot has reached the target pose
if commander.get_state().get_pose().get_position().near(replan_pose):
    print(""Robot has reached target pose"")
else:
    print(""Robot did not reach target pose"")
```
This code uses the ` MoveItCommander` and `MoveItPlanningInterface` classes to navigate the robot to a specific pose. The `set_target_pose()` method of the planning interface is used to set the target pose, and then the `plan()` method is called to generate a motion plan. The `execute()` method of the commander is then used to execute the planned motion.

The code also includes a check to see if the robot has reached the target pose. If it has, the code prints ""Robot has reached target pose"". Otherwise, it prints ""Robot did not reach target pose"".

Note that this code assumes that the robot is a kinematic manipulator with a single joint. If your robot has multiple joints or is a different type of robot, you will need to modify the code accordingly. Additionally, this code does not handle any replanning aspects, such as dealing with obstacles or unexpected events during the motion planning process.

I hope this helps! Let me know if you have any questions or need further clarification.

Sources:
- src/systems/pose_publisher/PosePublisher.cc
- configuration/packages/bt-plugins/actions/GetPoseFromPath.rst
- moveit_kinematics/package.xml
- moveit_ros/visualization/motion_planning_rviz_plugin_description.xml
- moveit_planners/test_configs/prbt_moveit_config/config/controllers_manipulator.yaml
",2024-11-22 21:48:50.061368
